{
  "name": "Case3",
  "data": [
    {
      "attribute": {
        "name": "Glucose",
        "id": 3
      },
      "date": 1672041478962
    },
    {
      "value": {
        "text": "4.2"
      },
      "referenceRange": null,
      "units": null
    },
    {
      "attribute": {
        "name": "LDL",
        "id": 2
      },
      "date": 1672041478962
    },
    {
      "value": {
        "text": "2.3"
      },
      "referenceRange": null,
      "units": null
    },
    {
      "attribute": {
        "name": "HDL",
        "id": 1
      },
      "date": 1672041478962
    },
    {
      "value": {
        "text": "1.4"
      },
      "referenceRange": null,
      "units": null
    }
  ],
  "rules": []
}